bradford,England
camborne,England
cambridge,England
chivenor,England
durham,England
eastbourne,England
heathrow,England
hurn,England
oxford,England
lowestoft,England
manston,England
newtonrigg,England
rossonwye,England
ringway,England
shawbury,England
sheffield,England
southampton,England
suttonbonnington,England
waddington,England
whitby,England
yeovilton,England
armagh,Northern Ireland
ballypatrick,Northern Ireland
braemar,Scotland
dunstaffnage,Scotland
eskdalemuir,Scotland
leuchars,Scotland
nairn,Scotland
paisley,Scotland
stornoway,Scotland
tiree,Scotland
wickairport,Scotland
valley,Wales
cardiff,Wales
aberporth,Wales
cwymystwyth,Wales
